https://relyance.ai/,200,
https://relyance.ai/book-a-demo,200,
https://relyance.ai/book-a-demo-iapp,200,
https://relyance.ai/book-a-demo-success,200,
https://relyance.ai/careers,200,
https://relyance.ai/careers-hiring,200,
https://relyance.ai/company,200,
https://relyance.ai/contact-us-success,200,
https://relyance.ai/customers,200,
https://relyance.ai/employee-privacy-statement,200,
https://relyance.ai/news,200,
https://relyance.ai/partner-deal-registration-form-thank-you,200,
https://relyance.ai/platform,200,
https://relyance.ai/press-releases,200,
https://relyance.ai/privacy-statement,200,
https://relyance.ai/register-to-win,200,
https://relyance.ai/register-to-win-thank-you,200,
https://relyance.ai/request-our-roi-calculator,200,
https://relyance.ai/resources,200,
https://relyance.ai/terms-of-use,200,
https://relyance.ai/unsubscribe,200,
https://relyance.ai/video-success,200,
https://relyance.ai/whitepaper-success,200,
https://relyance.ai/navigation-links/careers,200,
https://relyance.ai/navigation-links/company,404,
https://relyance.ai/navigation-links/contact,200,
https://relyance.ai/navigation-links/home,200,
https://relyance.ai/navigation-links/platform,200,
https://relyance.ai/navigation-links/resources,200,
https://relyance.ai/resource-category/blog-post,200,
https://relyance.ai/resource-category/customer-story,404,
https://relyance.ai/resource-category/data-sheets,200,
https://relyance.ai/resource-category/press,404,
https://relyance.ai/resource-category/videos,200,
https://relyance.ai/resource-category/whitepaper,404,
https://relyance.ai/company-guided-by-the-best/guided-by-the-best,200,
https://relyance.ai/company-contact/contact-our-global-team,200,
https://relyance.ai/resources/2023-priorities-learn-how-to-build-a-strong-privacy-training-program,200,
https://relyance.ai/resources/abhi-sharma-pitches-at-the-rsac-2023-innovation-sandbox-contest,200,
https://relyance.ai/resources/action-by-california-attorney-general-shows-enforcement-is-more-than-cosmetic,200,
https://relyance.ai/resources/adamroughley-scc-blog,404,
https://relyance.ai/resources/american-data-privacy-and-protection-act-common-questions,200,
https://relyance.ai/resources/around-the-world-in-100-plus-laws-a-data-privacy-primer,200,
https://relyance.ai/resources/attend-relyance-ais-panels-at-the-iapp-2023-global-privacy-summit,200,
https://relyance.ai/resources/consumer-privacy-impacts-of-new-data-protection-laws-on-the-b2c-sector,200,
https://relyance.ai/resources/data-inventory-data-mapping,200,
https://relyance.ai/resources/data-mapping-inventory-ropa-new-processes-new-opportunities-new-tech,200,
https://relyance.ai/resources/data-subject-requests-simplifying-a-complex-process-with-a-single-privacy-platform,200,
https://relyance.ai/resources/dialpad,200,
https://relyance.ai/resources/dispelling-the-myth-about-data-privacy-tools,200,
https://relyance.ai/resources/dsars,200,
https://relyance.ai/resources/employees-get-their-day-in-the-cpra-sun,200,
https://relyance.ai/resources/from-compliance-to-competitive-advantage-the-benefits-of-privacy-impact-assessments,200,
https://relyance.ai/resources/from-legal-versus-engineering-to-legal-with-engineering-how-to-bring-them-together-to-solve-for-privacy,200,
https://relyance.ai/resources/global-privacy-control-what-you-need-to-know-today,404,
https://relyance.ai/resources/how-to-get-the-most-out-of-your-records-of-processing-activity-using-regulatory-guidance-and-better-tooling,200,
https://relyance.ai/resources/lacba-presents-ai-for-attorneys-managing-risks-best-practices,200,
https://relyance.ai/resources/latest-privacy-developments-in-us-european-law-technology-solutions,200,
https://relyance.ai/resources/managing-privacy-data-governance-and-compliance-operations-seamlessly-all-on-a-single-intuitive-platform,200,
https://relyance.ai/resources/new-from-451-research-relyance-ai-looks-to-navigate-between-code-and-contracts-to-streamline-privacyops,200,
https://relyance.ai/resources/podcast-an-ai-driven-approach-to-managing-an-explosion-of-data-alongside-data-privacy-concerns-the-darius-gant-show,200,
https://relyance.ai/resources/preparing-your-privacy-program-for-seismic-regulatory-technology-shifts,200,
https://relyance.ai/resources/privacy-as-code-the-shift-left-evolution-for-operationalizing-privacy,200,
https://relyance.ai/resources/privacy-by-design-iso-31700-and-the-benefit-for-your-organization-1,200,
https://relyance.ai/resources/privacy-engineering-must-haves-in-2023-a-people-processes-technology-discussion,200,
https://relyance.ai/resources/privacy-engineering-navigating-the-data-classification-maze-iapp-silicon-valley-knowledgenet,404,
https://relyance.ai/resources/privacy-impact-assesments,200,
https://relyance.ai/resources/relyance-ai-named-to-cb-insights-2023-ai-100-global-list-of-most-promising-artificial-intelligence-companies,200,
https://relyance.ai/resources/relyance-ai-selected-as-top-10-cybersecurity-finalist-to-compete-in-rsas-2023-innovation-sandbox-contest,200,
https://relyance.ai/resources/relyance-ai-shift-left-for-saas-implementations,200,
https://relyance.ai/resources/relyance-ai-to-debut-three-new-platform-features-at-2023-iapp-global-privacy-summit-1,200,
https://relyance.ai/resources/relyance-ais-leila-r-golchehreh-speaking-at-the-privacy-and-security-forum-in-washington-dc,200,
https://relyance.ai/resources/ridiculously-good-advice-for-engineers-and-lawyers-to-communicate,200,
https://relyance.ai/resources/sales-bluebird-podcast-killer-solution-one-platform-for-data-privacy-governance-and-compliance-operations,200,
https://relyance.ai/resources/samsara,200,
https://relyance.ai/resources/security-architecture-podcast-cyber-inspiration-with-evgeniy-kharam,200,
https://relyance.ai/resources/the-benefits-of-a-universal-ropa,200,
https://relyance.ai/resources/the-cisos-role-in-solving-for-privacy-and-data-governance-challenges-solutions-and-checklists,200,
https://relyance.ai/resources/the-impact-of-global-privacy-control-on-privacy-regulations,200,
https://relyance.ai/resources/the-route-to-an-automated-data-subject-request-dsr-process,404,
https://relyance.ai/resources/the-secret-sauce-for-running-a-privacy-engineering-program-at-scale,200,
https://relyance.ai/resources/the-three-things-you-need-to-build-a-sustainable-and-scalable-privacy-protection-program,200,
https://relyance.ai/resources/unfiltered-engineering-perspective-problems-and-solutions-in-operationalizing-privacy,200,
https://relyance.ai/resources/whats-in-a-letter-from-ccpa-to-cpra-five-points-you-need-to-know,200,
https://relyance.ai/social-media-links/social-media-links,200,
https://relyance.ai/press-releases/relyance-ai-announces-successful-completion-of-soc-2-type-ii-compliance-audit-and-welcomes-seasoned-security-experts-as-angel-investors-and-advisors,200,
https://relyance.ai/press-releases/relyance-ai-co-founder-leila-r-golchehreh-speaking-at-the-privacy-security-forum-in-washington-dc,404,
https://relyance.ai/press-releases/relyance-ai-emerges-from-stealth-with-30m-in-funding-to-give-privacy-pros-real-time-insights-into-their-codebase,200,
https://relyance.ai/press-releases/relyance-ai-selected-as-top-10-cybersecurity-finalist-to-compete-in-rsas-2023-innovation-sandbox-contest,200,
https://relyance.ai/press-releases/relyance-ai-to-debut-three-new-platform-features-at-2023-iapp-global-privacy-summit,200,
https://relyance.ai/press-releases/relyance-ai-to-demonstrate-critical-new-modules,200,
